label,id
2,6lmxhlsdu2820pp9ewk41z
2,g234mtreigui4a64i4xea9
0,hwt93drmgmyk3pnt7hib08
0,9gmnn1cdfv7vbptl9p83u2
0,18ejk5cjxixj051qiupxyb
0,m0f400uqe0tezb6vuu62i2
0,ym4mgnige1m3jvzs6tz6zq
0,6pbxo8tlic74vfc0ki9kbt
0,5mx7bunn0qcsv8ydqvpvcv
0,htvucrvmwk66q9u0tuzqt8
0,dn8j3ea22jfbcutnfqt1q4
0,a9q67v7rzkl21j5vrjrpgv
0,4pozzrefu310v24ounut5g
0,xd856fkuhg30860g4189yy
0,8g3hbqtt56xy8ivt9hbkur
0,pqj97uzm355f331uclxqas
0,h0ckxrulrccx1jaa7326s3
1,bi69bxqv0sxv1mnkesxnn5
1,b5itehhej68ekp090uni4k
0,xg529y7248oplnqo0ky8j2
0,2rshwp28otjsz8l152dkpj
0,ij3sj2ut53yi1ejhb1itcx
0,gv5iv3clbkdt7cn9h8q93h
0,iuahpbmmvr5t2xw4phzn1g
0,sd1hisiki7czsz5oum0n2n
0,c4khg3vbrv0kel9j18xxut
0,rlassl5w5kx1tb2o5nslwg
0,cppb13uf1ygvj03c2zfw2k
0,hpjjfbgrxle6yy2jdhbm3j
0,7mio1u097nf0urfvfjyg9a
0,icdep751lodqnbw1fzr8a9
0,ocgbs2r9ewja71q2xcy0bn
0,pgxt9zlq9ixp5z00lnbkhr
0,dkyj7niu0azges5lx33d5g
0,jx4y6bcsud02jgngp1y1a8
0,hbxyars3dackfak1japi8l
0,840by2f3ovqtwzdwsmtpsv
0,tbxyqxter56gpyl7e7igx2
0,arzk8sca8y9ux6pi0vcxzw
0,ucvv6acjfjwmvvclabyvgu
0,xzmlqr9nqcwgslxckuqd7i
0,vbstzch4xkz80oh5gsm2re
0,6959dfjdujh8fik7n61ss3
0,yqfoz30dlov0jlb9wminq3
0,y9jsogrc1jo0wb2ekcnk2y
0,73qwlz3bkdg09t5cct1t6a
0,qszapogrjq7ym1zwpqahqd
0,2n8jsgc3zesrzem52hwdjc
0,7moqeuthtzib0fapj9cnpc
0,l7gkwu2g79echgqt4mlff4
0,5uq69y1trfg72rgwo9mjbk
0,nd5s6hj86ugq3pb60u2d0m
0,Ty5CEIsOQd-eavCNmLE4Tg
0,CPQz7-w3QfCAdtcNAwPzPw
0,5w4tfiogTqmOzxPlJfyjrA
0,8L7B3iWFTteKTfUxDyylOA
0,PSo3J2bOTom9ncR5INod4w
2,ZSbgtGDwR5a3sfK4qCMDJw
0,6jWixLucTuOqvZHMazDxhA
0,2nX-XGmkRe-TpbIfR4Q8vA
0,add04R4aR86gf4afRxxmhw
0,YJuqq7m7RNS0pEhFS3j8rA
0,UoyWH1neQyq-G3kxA3b0mQ
0,e60VZZAnQEKeb97yln1Ppg
0,jk1Z7GfNTLymyR4pLsE-rw
0,3rD6N-FnQnyoa3YwxbdCqg
0,7MxBgjFYQPOEbzH1HVctUw
0,gWQg_EEETyKgYwJxN-8nkw
0,_rmUHJXKStOHsdtKZ-SDzw
0,4KgaKNU6QXWWtayJvmusWg
0,nOQRSgY8SkeCV435AiEiXA
0,DHUjqmHnQumq1aJ-akcN3g
0,iiFObaWlRHCM0GYgkXZ76Q
0,j47GwESjSDy1AxeTqA33LQ
0,BpoYYy50SIWTF6VzkjaU-A
0,LouAJqlrQlmmtGvqGwTHew
0,9zQHhuCrT4-UWaYl3tb_Bg
0,a4djJFT6QaiS712NjOP-zg
2,gZ8qFmt1Roet4cdQl8Yj4w
2,i0GLECjbStCL-x2URN1iGA
0,WFAvSkoEQYaduC9C8-5RQw
0,2erqQJdxTM63h2PLMIRZvA
0,eW3c1eTVQRyC9KchxZVdRg
0,1W4osgEYTaSyBdAm_-yVQA
0,q1QKUAhhQHOJkK35NzWXqg
0,K1pPls1qQ_qHaSJt7Tbsjg
0,mvEay5jGRqS_qwLldGFUYA
0,ngck-gmQSBCZ-MbmqW1p-A
0,3wmAG3kERni5gUkIc79vHQ
0,EQsEh516QE--EM5PSK45IA
2,U4jXcO-LQi6EQVUpeK8bhg
2,SSoaH2MWQMagKxydRarBIw
2,XWVyWHhzQymoKLvQvT2AGg
2,vI904jrRTzaiVzu1WToPww
1,nD8ZAm0WTZ6l02Wj03crZQ
1,8Qm0oG8BRzqv3b0A8yU67Q
1,GkunFojARBqdg1-jzOWAMQ
1,B4i2w-N8S4uL7uyTEHlIdg
1,vNipnCLTT3WhH4kkw9F0AQ
1,Zo_eITrcQCafpLOKXtCuSw
1,-WKpR8iBR4CP8-SQ34jfcg
1,Y3Wmr7CYTcmG1KHtTNrKpg
1,StbN8oKURo60TYY9b8rnTw
1,6AtwlE3xSOWSSgR2KSq2mw
1,wCjq31P4RcKiOPVMp1MZFg
1,Gvm2qR0DTHOgtkmLsBclFg
1,kQ9s2J0nS02DSh0NX3dqZw
1,4zzDSh6gToiQfbloLhyUVQ
1,7ag175ITSHCeTCcGfcwKEw
1,fehfM11tSpirZVvp8MUMgQ
1,EDntJ875RpukcaSc8PYqbg
1,i_v8vvMaSISCraXqxDZT-Q
1,WVv14pQrSXmVWGuUtuwhNA
1,r2y2Dqm4Rca60DFCJ20KGg
0,91TTfrCcShSOHKfah4J9VA
0,F5AqufnWTI25kB5iBcuaUw
1,c7ggfGsjSRKURKI_RUquDg
1,E9vCho_rQmagdH3mWvG9LQ
1,yzrtpJthSDWPY_n-jNHjFg
0,_LlO6xYLT9WXM3W0-hG34w
0,HjmjOAA8RKqw2wzpOgI_PA
0,edTgmkNwT82fOAsZXgeMpg
0,RmXf2c14RIWg6aSrQXy39Q
1,c9x1QkU0TzSzN8POAKyHsA
2,XbLqa2doSL2Qg3Jij_Z68A
2,ZSU3r4usQCOeC0DIC8P6eA
2,tcx-d7bKQYiE6qPwz0Uw4w
2,GgFfzEmQTBGg5I23bJiHOA
2,03lF7YodQBq-vZy9tjPtsQ
2,Yw9QlNNxQECu75dDl2YMng
2,T1FQdKZJToSBEIa8cgoxLA
2,pVBqj_kjTF2JAwg7zzx3DA
2,Z5me_Sr0R6u3r1EPC5MQ_A
0,sjtbqUe7Q6ycid3ti-azGw
2,ehBVi_acSEaoZkWRcwhJbw
2,0esIii_kTz-Ijw5kcj_9uQ
0,_Fc1wJs_RryYJAt7IXl7MA
0,G6eEH1xHSRmp9POAWSHR2A
0,xG7zgVtGQx6xg9OPgYUs5g
0,ROf7C8haT1Wb7fIPHeDPMg
0,dCyLaZBFT4iFIFBDbz_18g
0,8s8BD-WKSDW6cTRcg1CJAA
0,epj0iCLqS-6DEta6agSh6Q
0,gqXog9npTTeAxG4c6veEDw
0,elPTKW05RtOLJcV3Ztzmnw
0,juJnoAC7Q8qo2mZOj7kmRQ
0,rm-B0d5URS-T2JtBKXVZBA
0,Vp8SGZj6TOuMNClCWLDhkQ
0,a30jWC6fTNKR12ed_rtMzA
0,JOLJ6paWRaCsLO_BdGO6rA
0,b3Trq416SliKD_iuA5lUzg
0,4B0YOKbjQ2OY4zIOwjxYCA
0,QuTXqRStSmieLcsJmqFCSA
0,nLq-9B1oRVWrBBUFwq6Y7g
0,bSx1viNwRMaG2akcZN2jng
0,wQFLa4RWSrub1wFzrWXOIQ
0,pBFgf2E4Q5WYyL206yqlRQ
0,wgmuINdZSPSswN-QTKvU0g
0,ajv7VQ_SQmqqPopYv6MzyQ
0,5H8rYQNnTnSKMNYXlRKF7g
0,5Z8tgMwqTVGfdciuPYnXig
0,z2AzSGQdQ56ryMCJgvtCgQ
0,Mdlu3fnqR4iBsuldXdW5iQ
0,6sqTvV7QQDy9GjIN4Y6lZQ
0,htXr2Nd4T3WmOvkxCp7-bw
0,vLIGZw1VSPuHI6W2OY_AdQ
0,5JUIA4djRbOpvOOqP9ZuRQ
0,EPgCu9m8S9-bySkCJngRvg
0,kXR63FQKSvKQ4daX0B2iCA
0,CMC5YbVxQhGKJtRYuNkZlA
0,LZSnySCkRCWuXFvvAjbUcQ
0,_copVPYoSlaqEv6idn85kg
0,-OsWkCigR8mPT8QuILNEIQ
0,enTloMq9QLCPKKZLcBw8Yg
0,B_hIrUbhS_KTsvs3w7Ig9g
0,IXnbdaExS-yjLxV8gHebjg
0,5rSOiTgPTdSAG_y6hGTw5w
0,LBx8I7ZfQ_GUFbetB7allw
2,cNlDk-1NRF6LqDNWYYFVSA
2,M1kCu5j6SEO2k1V5kAhFrw
0,1rwdnN7xRA-tO6NWrRJxnA
0,3If2y7XqTderJRAlqPE7sg
0,mJlDleDvQR-z-sN8Z2o64Q
0,cb2t19jrQ7K0Za13T1ITgw
0,9244d466-4b9c-442e-a180-dbdb6b3e2883
0,2f2e0f4b-d8f4-45bf-819d-ad9632fdf533
0,310bd8ac-7564-459d-abfd-03bd124ef62d
0,GZ4gqh5gLfD6sQwXyCijjQ
0,8lCSwntVKsWYO47JYo7MYg
0,H5TyWYUlceE5pkT2XEzeoQ
0,e_2vvvhAD6c1vgNC3QlbrQ
0,QKSgIguzD5Mb9Zxc2oUn-g
0,n9FLTum_J1D9TW0nCzT8kg
0,ez-9aYlcKBxXTPyzdfr0dA
2,reLAF4GlyuJ4WhK6entgGg
2,f2lt0fr4vql7a1t2bh8yli
0,8CRbkyTYRfLg6fOYvsqLdQ0
2,_NNHNo5iQwSgZaQz_AW1Jw
0,zrgzluLllKJiw2ePgykWSA
2,1mie-Jkvgg8BSDNc-40_KQ
0,sJ27bP9mZtgIIfeZFgGk_g
1,8x7K9EKwiCBTI9IUOS5pnw
0,G_poiV9lKxwc3uTqg6KogQ
0,IYQl8E5nrGKN9EPG2RnlVQ
0,mBLSfIiFl9rEIaF-LTxUJQ
0,I6kEcpIH1-zOyRyKaP9-Jg
0,2zkUY13_v0n314N0IhMxgg
0,pTSyleijBLvAocK6hMT1Hw
0,vGtdtLwR7B7TIJBXjGR02g
1,4-I1014uUvbsaEBHwzJTGA
0,1_n05Qmtjrb29GicoLmQ4A
0,niTpu4JZ75raDs4z0mTUCw
0,8ycztNdaAB3oUcOQ8JuTtA
1,sPOrQ4GiqLSadnP0PTN5tw
1,ZgjkYJjjYE4WFTYWwXAj-A
1,6rtb1y_3Qm8RJ5CMEtZrPg
1,ZmX9Z9FBUd-lrc1H5iYZ8Q
1,3200jHfyi3wjkOCZ_J4JiA
0,3dlaAI2sjXouihJstEOx5w
0,rorGkkkUism1gPlq_v_Fjw
0,d3Lef1rDe5KzazGh97e3Uw
0,7If8Fe5Uz9Kewn81cPXO6A
2,VPVe4jT7WMZ4YJlkj_wJRA
2,F9PZgPs41jY-r62ct2q3_Q
0,VqiHx4xklMdYSrhQ4H7NvA
0,EjUTwiRixxy0mg7beo9Now
0,clc6M_zRpcrW36NUpkpmfw
1,kimesA1o67aCMQJMF-Azvw
2,Y01BTjfo1dbJBcPbVYqxqA
2,M_H-ytJNNo-vyrGkJYRm_Q
2,8JhDIvWliIO0gCe-dD1QQw
2,CF_ieLpvX17QMN-13emX8A
0,dqw2URDLGc0rnu6vctiRfw
2,xJ6Z36jBn-gjJ6_RIx3-qg
0,ExDM_Z4S3adfFdMwfv5buQ
0,pI0C7mAyLm5w6dg_FPdVWw
2,zhgqc5v2abb0oxs9tkd7pa
2,sfPlVwrr2VPOf0RAjVi3Rw
2,5Q7ygo0EM7JRS-2tj8dFGg
0,Wu_cF-vLXpwMap8oKFTwwQ
2,sE9DTJbPJkYwq9SScp4dNA
2,n8S7OgNQSPRX7e3H94JQNg
2,sE_vFyE-DNp3WJg25lurAQ
0,ikYREFGFiQuDeOK10dbUNw
2,rYZ4vtCyyGeuDfmDTHNs1w
1,pXSSK8wIKEl1yxEAvThQag
1,YMxt9wTOywNDyzn2EfRx5Q
0,OMnVNQuxd3ZMuDEq2rQdzg
2,8FagwZNPr8g2yTYaoTB2-w
2,Qebgjr_FqefL1FaQQlsZTw
2,pToIogWv1GwzJXsmL3_SdA
2,tyup3zvhcnqsmxtt6cupqh
2,avo5hpefqij70ejozuk6gk
0,Xcyo5nP35IMhLt9vQXf5ag
0,QQXLzLOUeNAvhlPwBCqIjw
0,AUYGOsRptX59jUOtVvnGNw
2,RUWQsH2l-SWh37TQLNjeEg
1,tKjb8tEjDj44r1SUandxiA
2,j2ztgjkr2uld447tyxxuoh
0,B_X_YVibzOc37_BRz5eUFg
0,s6VLxc2B6_Y-jnZ6H_ifMw
0,FpF6yWc3GofFuOj8-haZGw
2,yqPkMuC0oGHiZP4a0hNh3A
0,l1OYLZJ2LkqagxPfzIIkpg
0,1qJ7FDD7G0Oi0-BqRR_4tQ
2,GPk1lEj_WwB9ZDtvRshhvQ
1,2xTcWQHHmZkBsAByD9kTWA
1,RshwZQtCO0OK6y04VxkImA
1,VLZbqvgDP9i9m77mEXyPPQ
1,ol-wNeH-H1qBMJIJeE7pCw
1,fWCAuCCLVdWY8CzHNZKFWg
1,3faHSGcGWySQz37TJATfkQ
1,RI5qqrHXqQ5K_qANQO-pTg
0,7ROvQ2BZV0bEnwbdzSEiOw
1,hU_lwpIosdtGrSwnnqXGqQ
0,fM4PyMhjSN6pVM_jbndTVA
0,g2cy_cMwXtm6tZJQaLelQQ
1,gZUuYLpN6aBXjSXRAtb4Yw
1,fJECLZX7GhjNFB-lEJftuA
1,Pc-toBzZ2o4KDQl_XmQDvQ
0,rB1n2A2RvJ97z4yhVRODnQ
1,dWUugK9ctFgVQd_G_qqKPQ
1,gAGfuY6oCp3_sJKE8mrDCA
1,OkRbdLJ1K1rfS4OwhkJASw
1,qAuetgvkBjS-7joCc4M_Aw
2,HzSm-jpVcVJcdb5FebyL6g
2,YR5OaUhz4rGALn6j0T6W0w
2,l8m5x3TxjSMAftnV0Uph2A
0,xrCL_Q0BxSsklcEYTdmR8g
0,HsWkYdsMJptNShxW6SH5rQ
0,lENH1-lCBAypC4YQM7UCtQ
0,2QYFlV_P9jMR9fN1w-u0JA
0,n28hhKxVLtDj7kaZ-EhBOg
2,Tx7RvyPuLVkiJO6Etl3Cgg
0,CKkL9HRACwhTXvMbi7vBRg
0,u8iyDVw5FsZuTN9l5vmVYA
0,5-cGxXvXHplXCC1tCLArPg
0,F9f07Ua28vEtji_ptF7_OQ
2,NaRFBciUqpMF6VZT64cTtg
2,aUvLiuBl_S9ffcP8MAWutA
0,MHw-R89FAy0QoQyFCzm07w
0,IpIkmRhAuWFs6L7yH2LQrg
0,lan5gLqeCQld4xkgmVNNyQ
0,M2Jp0wH357PH8k_E5zV3fA
0,WwB_WYajoTetlZVpC6a5WQ
0,0PQ7aq-K6SqJtg_5uqmiwA
0,8SSeSUc6y7CrTg2pwH_Xjg
0,bq90ltheV21xIq3Nnk0oRA
2,FpazMYiWlcygXbBQQ5olVQ
2,fCYeGkkV0HYjU3r--XSxpw
0,degG4y2H1VAkw-3gQr5twA
0,9gPGuAE7fXetZoesHLcqSA
0,XL70zfzwme6t96Fxhmc0Qg
2,PHIDdUD5kswzV5yojmCdJw
0,1JLzUSmbpbTYLdlpJHvcug
2,10vCzhmpIBxSKhKdvh9A9A
2,hvhbsEqSlCaMfv_rkAiWVg
2,mgyY_10BdLbA5lgWM9Mc6Q
0,30Emd4Or_iKKVIUj9h_TvA
1,dcfZOFVglf_Yjqz7C0zGIA
1,ds_kM7SVFMnT_5l1xTGafA
1,T7PYU7Om3FXgbugX_HmgVg
1,qL-8d4gtf6cbGLJUWrDXIA
1,vROjj0mJ2Cb2TBQESjP8Dg
2,3PJw7F0D_UZQNgCMYyiQvg
2,Iqjye0I0sZ7VtrN-Pb83Vg
2,UCRX1aJj1s2E4K129l4Sqw
1,HV6d8HVlgZWeZ73ljitClw
1,VWaSVwymIoWRxcRn-b2m4Q
1,TAdN1zHg4FdPEdzuORXO1g
1,kIQjFhYyhQGyPLb9mpAE8A
1,IdD4QX36rdTjHO9eUiIqjg
1,4v_HzP_jRTXn_yk5fgqiHQ
1,h_NWIdmXXOtYrsBf_So5mw
1,PIGxB2uy6Qe5kOBf0Ej2MA
1,ReZRpaDvnzuUaXZ83aVThw
1,WTscu7F0fIY410j6OuVF9Q
1,x1u0p-9ZB52_TqVWd0GK1Q
1,Q73A-w4c4l5t-yIeWH59kQ
1,ey9zeyg2lh3nsq9enwnm5j
1,ug2vbHJL4EDPDdJL9NHSkA
1,ko1uc6vcXtEh01tJfIEryQ
1,xEk-zaq_Pz5wjolV8Rfrxw
1,Tai2w5bXvNoPqIrU51rWEQ
1,Bjl_rek-2zLC_dBUGahiEA
0,fN904Qd7pMeDlL6Jil9rVw
0,xGc-HyJ1Z8Hul2Uq0y0jNQ
0,wuyAqHYQN3VivgbYVsIIDQ
2,nvbqalh1q353rcesfhh8y0
2,hs1dvgfn43ha95mhjf4hc5
2,nct4q0aybjz09jfi4vhj1x
2,6uew8yhcufpx6uw6kkljjs
2,6nbxwf61tcoqu6mglytntv
2,3mwqnis4l66xklg701owtj
2,opaee3yt5ibwwdjaw0z1lu
2,evw7jjuijoc5bgrmjtglv0
0,1q2P3LgbSAi7HKSi9cYw5w
0,drPOr7hrQGqCjFxN-ySjrg
0,8FKWT4JZQN--9jYX5RyAkQ
0,pAHSzOJ1QWqW6BKtB8b6WQ
0,V7yBpBWmRYus4AOPXUgctA
0,-NXsHSEnRXertLZYg1JjuQ
0,jZvlCrT8SL2UwWX3rjmy6g
0,W98QHatATTm2cMHauWoCqg
0,Wxi4hnD5SG6y-HpMB90dag
0,CKytcMNdQF6ytyi8Zl_3XA
0,El0ibvTcQtmomduYfsUmNA
0,Nl2QlPRMTjyaFydiiojPlg
2,sCJWGk_7QGSevFdX-1-fIA
2,oQuQICcPSSy20ygk2jNMrw
2,iITCDq-oSGqZYTnB-31j8g
1,cyo3XAFxQheE20hptabStQ
1,ugxVqE6zSbut1std9kWrfw
1,tf1U4qsIQtKq2m05VK8csA
1,v1Iw_5hISdmjAmp7RtJvKA
1,vKzTE_CLTU6I2r9b7J6iow
1,NY3kYtoGQVy4cMytCNcxcQ
1,qROB2b3NQ8Obe8YUVaa0MQ
0,3zxjbDTKQbi8KfYKNAOweQ
1,4AybIHAkSSWxIZoSFFBLVg
1,TN-oQuxDSKufn5zweW8nFw
1,Nyq4Mp0rRyW-TLghUwHwrw
1,R1MfjHINTFeBz08GvVmJqA
1,oNlfF5llRjOxJ0942FZc6Q
1,cAb_hkMBRhGheYf419rGuw
1,CsHd0qvbQlq4Bwp4_uTELA
1,-vCapzrZTB2UBS8HruTCeg
1,FYaR4aEGQS2EHrt3ZHxDYg
1,Gy5DjMkCTTO-kvQ_e-9Jhg
1,0nNerGlnSHSqsfTJY5MpCA
1,9jb6ixuIS8OtqkGX7J0whg
1,2i5jq39hTyuYnrxk1WX2Ag
1,JyKeqa9_TtqCCy12Xe-BlA
1,3RjoSJx7Se6Godu2AwH1-Q
1,yejCc_I3TQiOcvy7r6cz6g
1,rQ0-4D6pSMyMpzAD2c9lKg
1,3AtuDCRISOeCe_SUWh2rww
1,Nzh5e4IwTjOHerB1bIqyeA
1,DPp11Yj6TJ-QmYOPwpZWWA
1,x-Gbov09Tc6PBTBhdF-qZA
1,H_HwqsmQS_GJ_NmVlssWcg
1,mI0ykEO1Q0O4Yi6Jf49EMg
1,oxUyoR3yRhSk0BClnEVtqA
1,nGUBsM6cTAGFa_SvKcDTIw
1,19-zHQ6YTu-fQ_f7yQPGXg
1,10vtEhPcQBSCiscaiRA9sg
1,XkRQTlPQRw2EFbO6MX2rZw
1,PULxFY7rS5unHiZDAv3gAg
1,uUKqw8uJQBmexRN1MX71Sw
1,BMqW3knWSA2izatHSAFsvw
1,trQSk1q3SpGNNiat7FV7Gw
1,A0heD1_eThaQoTFXDHW1ug
1,zgT3kba9R5mT6ahfMIef1A
0,7WgUJU3aSK-S9ynhjkWzVA
1,AVY6HbmlTYqWTd_QrBctvg
1,5OPJrEtVSPO0Q48SULHRsQ
1,D6tGZQmQT9a7poAPBhOdag
1,rzS1fhm5RjiitZ_fBkV1kQ
1,HER9N4N3TzuII8cW170oWA
1,_1xOHxmEQzClP7h3gsA3qw
0,-ffn_imlSF-9u02kIe7k0w
1,H_3mZij3RFa7muTPsQpT9Q
1,MGyUloavS46EQocD35JiRg
0,SYMzT4UDQP6on3VdhBEAjg
1,m4NRPDMrQZOL6IPk-2RdJQ
1,KUbCBOOFTXqdgpZb4BevfA
1,QOwYVN4ISzS_S1rlJzab8Q
1,4YLewjw0QDOWFb8PbC6wAQ
1,2dVGt-gfSeW4Ti-Tebigzw
0,Igm_cMhUTgCN5_DxnsXJGg
1,q9z9LLe2Tc2AxeUAiVMoyA
2,ofbpc5KMQ3CfenaeR9hkrA
2,HCX2o5epTxO8OsG2JjqBeg
2,fuwGb3YSQUu0YGRsDJUw_A
2,c6a0x1lf784eeyeme4n6gb
2,_TuGSbwOS16hwTTgcykJCQ
2,0fnWhfFYQiORDjrEBhOy5g
2,ae6otre516nchxsi2vagsf
2,avdClAXaTJq6-U4V117_KA
2,PJdQC67qQf6DcVXfD8rYWw
2,LyX7r0TBRGOY7EcXdGNbCg
0,hFQ28V2HRNWj8suhbNkYCA
0,ko2ie8MTQuWMXI9pmFbinA
0,Gyx_ZhlrRrOI3kM56HD6cw
0,W-Fa2vrwTTO_LmKwz0StPA
0,kiNE6Hr4QpmLmuxxc6WUyw
0,cLa1tE-hRPKJdTjStneY-g
0,DNIH7qsJRmG6_JnS6cvBrA
0,PbMT12VOS1azDfNBj_dfMQ
0,if6LKeX_QSGkjX5RV-Ikqg
0,Sk_PkLM9SKqRSSiFsW5x4w
0,BdyJWaBWSOql4kXimtRLng
0,W4gB1E3RRF-FTWlWHXlM4Q
0,SOjWgsdlSKCfmetFxbOQ-A
0,ZfJz0y-XRvOCNBcwWMpkHQ
0,CgH_5Wp8Rqqj6XLsQobQ8A
0,527fc890-62c4-4f6b-a646-767143066c11
0,4c17d814-a19d-46c1-9f08-4de5c8383401
0,4167b3e6-1742-4ed6-b4c3-5f4594aec3c4
0,17acd68a-5eda-4447-9818-b64409692ff8
0,0a7b2e6f-1d57-4d1d-8eac-50f4333d3f54
0,58731c90-8bef-4c7f-9a8b-17086e7192d9
0,9d20167b-1899-45ef-8c2c-3c5a8b03539c
0,f239a3b6-953a-4374-b6e2-85e578ebff3e
2,eec0cf16-151a-44cf-a312-c4268f2801b0
2,291f0ede-aad6-48b8-bc44-70676169035e
2,5283789a-d87e-40b3-a20b-092c01b19705
0,Xg9-Rxz5HBBNwx5BZv__qw
0,SRBxWKgwNKqZRdEND3A6MQ
0,VZW0s0nCvSpIxh4g9_GIPA
0,X7udzpTmTgUD33Jn8EjLpQ
0,TaozDMD2NZECPZWd82W-1A
0,YjvJrIZikvx2ATqmMw2caw
0,iCVwYRX0Yeg5U1UmDznW5g
0,mfXIA0YoM-r03h-XM2y8mw
0,8yFB_6SXbKLcwPBctilwTw
0,dvmxZUsHkmIeP4yy1H3h1w
0,IsvwP1rdUWqOUs2RkilLAA
0,JGnXzBsMMBKVvFdrn3Aq3Q
0,3no3t5s1TBKdB_zkvS_2dQ
0,qAqUWBonij20_pTWIS1cpw
0,snQ01ckCW6to5474TYH9Qg
0,P3UZDRseWW0FLG3lVYvr6g
0,oVGDgYHVF5EaZMffxHi4MQ
0,uXN96I3WrdXMo2bVpFz6uA
0,ca9ljO4Qy40RqF4u6zUvew
0,8tiXnFD0AKwUCuUaqTAELA
0,tpBQIBWykZn4OedHIWAyFw
0,H2GwLngifxfPDrEFEhuHRw
0,krb2ayhET55hEZIL7R-VKQ
0,hLMZ7kOB94ZNfho6enmJDQ
0,X8aqmGspUQXjS8D_0lATSg
0,J4w_bCWw0QeQeYAZ_TbsJg
0,ZBPb77eAHQjl5Lqh_GTfvw
0,hU9IouCyNWwnVF0RbHN6_w
0,NOi_CH0JNM56YbCmwqauJQ
0,QSbhdwMRkhsM_R_lAbLWMQ
0,7RQ9osw0KT5pt_NX68YNDA
0,5GN2qDVl1L3eGZqq3VOEpA
0,vIfHlc7Jnyob-LDOb-8igw
0,LOvOMMJSs6xoUbsUVKGbzA
0,YF2b61tKK4qISBqSo2uH2g
0,nL_JsNS9isVF_gnW9WgM5A
0,i4LmHMgxiiqXsnlD-BUbXQ
0,Cy6j19dil9m-PzL3Teryqg
0,gO3JCPUKG6QLa6zc9GLacQ
0,nDWtlsdaBwWelenh0aWieQ
0,o4l9IiM5tlif_yP6zltVzA
1,E2o4XGhTY1EtU5NGjrVyYA
1,rxWHeEAxz8hNtSmBBj0sHg
1,JyUGcvEcXa-qYX3A5_6ikQ
1,5FSIZYjHq0VsCMOrgoQxgw
0,XsqMKUOPapiVAzNEvAvrbQ
0,gsta__K8EGhJzgno3qGrJg
1,BnTUN8OTWIQ2MNtOsfCGmg
1,OHAf9xcSPUb5zoX897o1Zw
0,8I658_Ro4aEA4P77dJ2FMw
1,b_nSe0Uj9-m_OE3l103klQ
0,Rq4Veo5xsMRS0gQi8sScig
0,r5J1OL46nCOF_fFofsex_Q
0,szBKARzvySzIdoIwRjqqDg
0,pNTqCEBR0N4DehUVTHXCTQ
0,QtZxJCBGamQWpC2zvhxSmA
1,zMvqoXki1RIDVfNq6mGzRQ
1,A_z9flDmBDI6OQjQgPxR5g
2,ZZQFifqW8xewikFZGeOkvw
2,CV5iSbziPaPiZjUtoG9D4w
2,cJKOE6rrBM5z-c2n3HdjvA
2,QnMHjAs4vY_X1rtHuIOjUA
0,cG2FQzJEMgXp7aTTOd8yrw
0,ivr3qov2s83b5dy0wxparc
0,FLEHf1ubEMKNtetwMnjYGw
0,piejxPeH2oA0rhx7aaoJiw
0,f3hxJxAG3xLmyPWyV9UR9w
0,68fdZZwQQGr2aciEGpMZQw
0,szDnNcR101c4_guHYtSuLg
0,LH-OgrLZr5ojsMm2CBBtQw
0,7QYPLfdfUci7Vq21EHSimw
0,2yFTWtRgyFtoUZVhbcKP8g
0,kCRMf6kEC6Eui3Hk2-lAuw
0,_erpMdLd8A-mS9rv43XmKw
0,cRJ7CoM0xmFXwT5h1m2SOg
0,d8oFqqvM9DLRA5f2jTWAWg
0,KhiEreM7N6SNQfBo88hzlg
0,QvVIa1PkHbvCzpLmn6Wd4Q
0,lXbmKcfcgxCcCbq-sPxWcA
0,9SKALqWN2zvG2aWv-gOU_A
0,3el3GTm6_0sUOJ3-wxwtQg
0,Gej1-O5xKXZ1PFxaofRGOQ
0,nOtP2Eb0X4I3bp4xlU3E8Q
0,wv0HyKSROGRzjyuZ0XpT4Q
0,JbsPdODXdFlJoeTHoMzHoA
0,8UiP5-DmaFPWZSClVPKNyg
0,07lbjZmhBkAjVh55zuwkCA
0,e3AZZoPx_1BracUQGu2rJw
0,EboBQigBh7fQvCqTbJUW2Q
0,QFp-GIhOTscBZsG5svUfiQ
0,iOU9o1W_vNo3rvMOdVQqPw
0,ZJep8GQqtVf76Bv97pddbQ
1,Y50S3AdhGETT2vkJqPVxIw
1,FZnWp5m6gIAMCoJqDLamew
1,v1806viNppjJdL6zASpL3Q
1,VfiluAnb2SwvEB1Le1AmFw
1,fpnF7PN-AGob30c7Pwdd1Q
1,VQSQc0qzktSt3RdCICHqpA
1,H1t7quMK2Jv_qUW0vBBurw
1,qrKEQ5YhztsdutFR0isWzg
0,XcpaI0ooj9VPPrum1F_zxA
0,Qzp-cR84Jxeq5Il1NJi3-Q
0,tsL8GJ-Ipd-D-xqla6TyBw
0,zwUFJ3a5JYC1Q66iDcqRKw
2,lIIHIQ-Aer35hPPEAerL1Q
2,SEUbV8-1q8fiIeNmYlheig
2,fvm8eun301CON23DwAaoww
2,wRDRTfijpIf6LYvxvN2HCw
2,S8SUJVlTq9UK_0rAbuuEwQ
2,TWXF0Yeh_ez2wxSpVFEhmw
2,Tywz5IPnVUY1CUxHK04fUQ
2,REI_ycowh6pbvDBSbHpwYQ
0,dLeahOVKm2Nu6uB_do4_1A
0,taorQE3W1kc9mpUMf_nxPQ
0,H1zOo8bgmy8luw5NjQgl1Q
1,XVSQ9d-q_uMgfvKYkz3pZA
1,ilfN9B2sXml2stjypjwHgQ
0,AnBhs-H1rN2MV4DIXs4CKg
0,Hsf8uHVZMitDzgpb_Gj33g
0,Jk3fyqfqIxIjRY2JOLkDLQ
0,29YncDtJvVlR3ZON8EIf8g
1,UxW7PLIvaEo2BhR2TIPSEg
2,mzJItU8cBXUvOqurtv12Ig
2,Dr06S49aM1X9wdUSQYerbQ
2,9E6CAbo5WAAAkYhUlc3gOA
2,dh1WWtbq4wjn6rbZFa64Bw
2,G7o1bhHEtOQqDJr06gXNUQ
2,Rk68eq1h2vyVUDm1-aQ5tQ
2,1g6otOTHJaWuez46tGFf1w
2,r8EelatTrvxze3J3vQstpg
2,qEveIPPSeR-qca2CSQx7Mw
0,2WPyCkpGw96jY6XUfrAG4Q
0,I58HfnkU5lOXhw6zzK3dvA
0,nv_d-eikwVzB7d1jFJZs3g
2,2DkJy21MK9w4hLKz4vU8aA
2,c78xm-MIu74iTCsh7YHv4A
2,K_4ozw_0eo2gLZsKrGmHqA
2,KcX-LP48XO569ZoB6yLT4w
0,IQSAu8em27dZqvL8yr6wKA
0,8OmI5S0UQ-mGqXMmUZkkMQ
0,1MWH0-1a0UM7Pf39XdHTdA
2,9MOtflLwj8FGL8p4KCDHQw
2,qf4j0XoWdzXzv8dkzpFz6Q
2,5oFoYhOgzxPjIaMgzombMw
2,2ADj1patou7VTimhSMC9_A
2,b0DkOlYyWpE4HrNhamT9Tg
1,wAEwY6_NM7htVub4G6lQLw
1,RL6HVHpoOZo6kSfCQA8pag
2,5-pbvky5WPV2_vVvBEzLag
2,WpaoLyQ0OGgvV6SDzyIpCg
2,dTcpYmfG8oON459uTxgtcQ
2,Ccbu-OVU4MUHEOs4W7l3YA
2,1tL8a9Ix2P3FuxwsCNi7tw
2,jLw65WahE-eql0WLIM5nOw
2,BY2RtirxwiKissIGi9icSw
1,VeCYYP5pnGT-n1hb-THJqA
0,63JBz5rKZpjyqtPRNs2XwA
1,TmST_z9cudtqxXdgtSIxwg
2,yG5pe8e6wy9yxCeG0T1CPQ
2,vfvgkPOCnQYQP4lVn0R_-g
1,qGayjsXWiUMTou_WV9kuJg
2,UKJ4B9shOstIKuxbbHhfYg
2,4E9GUlsqZ3OENDUajFmr8g
2,ITKH7wSnRwRt_5jQ3V-C8w
0,KyyxTDZaE6BsVXtNvWUgiQ
2,ypXtviGAFJi8qcQZYTrSdw
2,eGTOxCo7xfQKsC6duaV65A
0,4i2hiI-q1rFlKTYBC0aaEQ
0,6iazd8TG_SlC1DmaCYeufA
0,8T3S9tvNtDHIlfKTDkD_9Q
0,CLypVjecYI5OBHmonnithw
0,ZCReVaSiCItAnQnS2rH0tQ
0,lUJxEUMYFkW16cGUijrn8g
1,nHFVqeJON33Fnt1kzh2mVw
1,7Xcq3-Enpr4tIowpQPtZjQ
2,LzZxq7q7fyFeyEQio5DPRA
2,1NXxuXEYdykAD8iRg0hIMg
0,8CsKdSZ8iObYlyNmtOI_ng
0,baBp9ecJtB-5uYMR3Is4Dw
0,QAkIzG8nb__VRZJH2sey6A
0,fPx_-pJbgN24wk6RwySyXg
0,L6oJfYQmZdYhqUBLDh5DSA
2,emMPKh-mMFoFJ1HnMidcAg
0,77SJLENmP6ZfojJPpTRq3Q
0,QuYhX3g-Ptikw148_OZXsQ
0,bSy6kdmsLnuOsK1fi7jqAw
0,uxIhUhxgpk_G69jAdOoPww
0,s-S9v67H8qwwWDlSlk55MQ
1,mrn_9YdMSN_gtod6UO7h6A
1,XYiDi2bzZ0DNhxOxfflSIA
1,Y-GV7aGy7dr8kfNUIuK2Dw
1,AE3z-c5yk9BeUrIH3N1RRQ
1,o3uQms7RyTAIT5ASFRONyA
0,0ham64IAQltuQHbs2PnC_g
0,V8VVc6PFDmcID_cFPaaKPg
2,nmzWD8iJFiOhHA65HIx5aw
2,pfNjBfSUq80NyJ4Kqaf0Pg
1,qHzjKRYNJzXqX6-UFewHig
1,XL04Qi4LMwrftISrNDo-sQ
1,LzmwEmLl7vDHXEEehcvK9Q
1,tX_eIHs-JhF7eLFhFKmNDw
1,ioBiGD0E8J6kOaiV7flz1w
1,llTEfWDNchL6Gj7SmHdvyg
1,CiWuC5wDanVSJdI_nIuh5Q
1,2HxpnL8KqXxK37EoS9yWMg
1,zK7tZwzQuz8Q-LQYplN1zg
1,3RrEvtPJVXgNmVgljLW1YA
1,dtPmOnsVDyDaXswrv78ODQ
1,WU23PRmD4sNcgwqhDyUAGw
1,m8BlxMY-Xn6hOsE0Hp-yhA
1,2vshP6N8p_a45M8A7QvYiw
1,AVVezCRzmo6BNU17KJDvPg
1,gyWr4OIdpZYBvfYKUDvRWA
1,Q1JoEOqr6xUoIHXEZ0EI5Q
1,uZ40E978EPfWDDu3uIOEOg
0,LweqLV1TFRluMIC30ZQU4Q
0,gv_ji01oJO96RJJpMFUvEw
0,_akhtPplP8-JibdgkgLPNw
0,4ORxSLkBH1LMWbun32dNEg
0,6T14H6afonlKrzNKjyubkw
0,f30RNj4rfwvKipyvUsa0dQ
0,_zB1lL5bz5oQHMeqRnVIOA
0,OSjTgsuT-QooUPqUbrmikA
0,s-f3OsNK10uKNLb3siRieg
0,_c0VQ2HXI4d7jFWREKAH1Q
0,h5FnRfq3GqnEvkdEUOtesg
0,OHFWgDAFOZQNb8xGoSZroQ
2,SNRiI-WlVYwlBxRkQf9HOg
2,1DSzu-RVPXkq8pU4sQuf0g
0,YNeC1icywYMmsKbbyGMM6A
0,82sCJsmr0KEb5iCBYLxqog
1,s8ggemrq3twyrbluw6x3l2
1,4jqtjhg6thhwqzijqx0gz5
1,fqpr2bcjxy731qucjxo9my
1,a0rgg1e1tzgdugawqhymmg
2,HgZqKcroQ0CecBY5JVRrDQ
1,ZdslYZDqQqq8GxbXYQG3sw
1,XfEc2ohBRVm79PU5vomwWw
1,55A7Ya_jRS-jfgcjsigZeA
1,cWl1YykmTjeXZrCaY8OBSQ
1,Cj1hHd38Sm29Mgt9RRFGzQ
1,1pa5yEQjTSyWoOjWF-a3kQ
1,1ewwNniMSNuNGRAStESdKw
1,q74IHTKzTMSQrwFUidiuBw
1,GcgX2sq-R9Ku3BfA2MwAWg
1,slFiyCk1RX2z825GV1xGYQ
1,Z7Sc5BjlSQepmmRuYEVRLQ
1,ytZfahyORgC10ZNZSOCwaQ
1,pvTomt_CTAOfAanBjsB1Tg
1,7LwZC-aaRxe-bqhVlNlpig
1,BiQrt26LTGaPj8pDdvZpGA
0,jVehMdqDR1KS9tZ3BU2PEA
0,H5TpKVDQRlO4lRaLKKTsjw
1,YGWAUDGnSpqw_BWLIemqHg
1,8LcgLtBtTfGNTdrZjvPI_A
0,vMWw-9bFTTm1fsTZIzwjgA
1,gkLNHuKMQ6aniYTn7dDkkw
1,Wrysyc6ARTSPC7SRoyzkrg
1,9DezJL85QoOSafFuvM5Phw
1,-JiyjabsT8iB_izjj3QfEA
1,3wH-sjnMTbyVxDh_01rjLw
0,4V5uR0HJTA2fdFL7o0DqKA
1,81TFtSX2Rv678ZKYiuoPjQ
1,JwlUmoUZRl2K3jprhk_sRQ
0,eo2xBVddQRSS1rpzV-Pz4Q
1,JbMN7CDrSfqkxu1Xils_9A
1,iI8UiD7OSXiI6NkFFH2l2A
1,nMyN3717T72Bx_uL4ztZeA
1,Q4uS6OWCRaaPV29xbKetGg
1,wlL6rfziSpGfS29l4XXMjg
0,tefNrcsCSASyV_k27tMkqQ
1,_DGsyGOoRp6kq80igEDWqw
1,zl46A5eqRP6sF3To_3Edkg
0,kkphrqw-Q3izZ7sLbcibQQ
0,jMk5vpwdSTWlbIDX7OFhaQ
0,-vE9am_-SPSQ6g5vO89dHQ
1,wQCJ-DTZSICTra3szYZxVQ
0,5h1Z4123T3yxEccUoOepNA
0,af_SU76FTXyynsGKqnsz8g
0,6syGvCUxT4GDVj3WKch34Q
1,X1e_5Fl7RSKQsGFi6GH76A
0,PPNXvPGrSgmbcOokNLlWBQ
0,7Ynu80yeSCGA9Zg5VKXngg
0,KPdwvrC4RD2kSGwh_JtQSQ
2,oEbriMaGR42LlJluxRCe5g
0,aT6NT6Tyxzo6qi8I1u_Qrw
0,yQYWhPavRWRSlv24-GUOUg
0,nedZI3a2AvZ-mp5mykyqSg
0,iLWRsF5L-HWpxUy36QD9ZA
0,hbk5uPo2OOAT8eS0uSIlvQ
0,D80y_w2YqG9nNTgFBg41kQ
0,4ib-zznBAfdPzFr2Bt-urw
0,Y54LTWV7rg2f7WFjtfabww
0,vTAGJTl7pdwZjnm_sfRzDw
0,MuK7tclntEqsAlb_Rmbj8w
0,i7oZtSo8fYqF5dllFjWDNQ
0,VABHuiXTfIKHxxxmP3b6Qw
2,vjKZg-g3zhO3Yzn1ee7ptA
2,gZqUMNqxJARuX1qpSGIJ5Q
0,EFLxZ8hOStyPL5SRUvL4Cg
0,0deVKUnrhjCO3FDVwQyMkg
0,u9ojg3gdqdspssxxza0vtz
0,wz1xCXA7ZIzoq_RVqbuZFA
0,KxxiN7ZVpQKw7lVOLAbDaw
0,lTncTs7bLjcM_U6G7Ov6hw
0,2dbOx704KKBBjEZj48OrKg
0,0b_JTGk1sYYHr3RcFJdN-A
0,NI0KF-hb6tnhRCybeTZM6Q
0,quJbj32pXLHFhLVLAtNR8g
0,-SOXHil8zyOIlxlFFWwnNw
0,YT1caG_lGSA7VNjp1KjHZw
0,lQsMk7_N2rYOBkORo-DKag
0,UYcZwQV0mvFus5Nbn6i82g
0,VuhmEzscJROGneUvKmTuag
0,UcjTcB6nv_eP04TKQkNzWQ
1,SjFeJqJ4ArClyXhrUtIw9A
2,A3M2ij-xRh9cALR3HfPBdg
0,CdlebHvo2yiZguDAVB5vNA
0,IPqxKd-ZefYjbY0f2AQHIA
0,r3-uItQYs8gUOEnus2ePxA
0,iczSmBbEBp9i3q1Nlvpcxw
0,c9tpf1f1r86hk456vbksbq
0,ofypoz6di1twx6k1gw8k0l
0,t8twgofhsakh1r2u9bu8ta
0,rlm95k2yo7kb0p3rhlwofg
0,gh5l3zdwe28zzscewsuu84
0,lu9tlbecltdw1mg69cae1w
0,k5mh90afnnhnaq5edqw1w7
0,q5mlz8hrj72ngwym6slouv
0,tp394mb3ty6gitg3byjr2j
0,dsomixitacf8otzsedanzu
0,441eb2604tnq2fqomysgnx
0,kz19vw497u9wjbr9yljwmu
0,g1p82981tvzlef6sc65g92
0,02884ncbtdvkiaykhq2fby
1,cxmykwvc55pwcxxkacmm3n
2,x4n2bmcbb6oldof3np2rg8
0,cxv5x9ir54jztytebjgwsp
0,nzsmrank4cozgrjv9dqnzm
0,TJCyD-rOSN-dhGzUXBpMpw
0,a2ruto9NTbenskTx3ZDe9Q
0,u6Y4neOrTZKvzhceo64FlQ
0,QYI-MlShRSSbXpNMfJpUNg
2,cbIEqj76QJ2QcHCOWOrWUA
2,PQPwRYmaTz-L5bxfH7cXjw
2,FdRaqJ27TNSlPLW7p_PxbA
2,rhQSDY4FSNCWSQkZgTLVfg
2,zb6pAfNkTQeXkF2pCyF8-g
0,GyELusEoxoMj8xmSPEm0dw
0,khGtS8anpZcJkxf14ms4Bg
0,qPzsBZFZfu4jThCSyvVQpg
0,unrJ5HYmJLpJ_j53JMGm9w
0,BV_mno4Gy1MTVFFNw0tFhQ
0,ZTDNXB1je9fSQ8hL75ufpQ
0,YWqdXM6la23AsXwNjPALKg
0,E5zzb4tF2yWLi-F_oLGNgQ
0,IFn_0nxdpfoOWgTbOwZ7aw
0,VQpiKJLu1aCPVK7IsA2f6g
0,_eW-FyxhFoWuWKz8bzbFwA
0,i_nzrzj1CWotE8ZUZ2pk6w
0,moeWiSLykjlJAO6YF5lOBw
0,eKzfGvsDwCryjWMySt5ftg
2,_d_wgu-2oRux4maAiKIIxQ
1,e4hF16ud6T8caHeiNimFHA
1,IuZc-UOTJDeQun68LKNYKg
0,4xzmkg1mg7apazrghl9s6p
0,wbgsa5mjqa4ciissg4z2og
0,hgn71sds389mhonb3dsst1
0,9d62rh2fexjv163do608tw
0,f5lmmw2v9gorp587dsvopw
0,7i3hjs4rz071cw6p31m2a9
0,ieiewj0w2jkf75ko6hkqru
0,dbsg3g4zhgay7el0fvotia
0,21vnpzu74e0xt55iqsoizf
0,lfgvldw0hy39277nljfxl0
0,70cdytdrniv9cdxldltle7
0,u8ybk56f1ig1t0x1oo9c7i
0,b3it7293u0stgcwzg11r7f
0,mrpiwo9zu07zcsh3lpwwew
0,9bpidly5zvpdo640eqc70h
0,4lcyb9mytxdrqfayv3p18u
0,m6y03d9mj0wfplrs737j9d
0,ull7ikx9x9axwul91adbyt
0,m09p7j1qh191vmj3f341rz
0,5eqr15w5toov8j03mnottz
0,uolsj0l442o2gbd372mr3g
0,fofqbd9laqcjk07hymcrnw
0,H-6AK-zTSVGAdhfNbwHcOQ
0,wCrlydvhSIS-QWAwbcyj0g
0,wsqt650hRA2mq5GgIPw_cw
0,Be6jkZT-RciOsT8BJZPm4Q
0,RksjsJqzQBWRBKgL2z1iNg
0,zqF8fRztRyiPAabtdHDIfg
0,D_BNo4xsT7CtOT0VH0vqkg
0,6W5Q1B2bR6qVShIvA_2BOg
0,b4b36c9a-bf55-44db-ab99-f0f0ce128352
0,2eef1cd8-05de-4db2-bbb4-0615d61f06eb
0,OpkiE-EP4qbDOVlnlFxifg
0,YQCRwydA03z_Y0qRHdX97Q
0,V9Etva1ZjrcioFvUb77-gg
0,vUZsHLF6t1zaUuQJ6r9VtA
0,wNnik3umb4z4iM_EsBE7QA
0,GPMo7p1QX4Ryo3ftJ1BrNA
0,9ZUfIo4BDtfjk4Vb60eS3g
0,We9jB2pAzxBE5ml-AHeryA
0,HGdOTqTd9H3tiiFTXhDT6g
0,FujuTIjbZ3KtBIK2AbGpzw
0,B00QL5JZEkgqzADLuyORNw
0,ZDeuRqQ9Zc7aFy1I9LZx8w
0,NGhvlXP9Chz9Wj1DIM9uJQ
0,zZD7vNFXYZfmiq2FWfP_Wg
1,5nQcROU-_GNdA76XhHS_ew
0,rjONTNEet8mQHaUU0vAKEg
0,bYThrT9aaxPu7VuTUzBsbg
1,XX1zUGF1tk09Q8SKF7PXQQ
1,HuUWuhxnGS1MSauFHIDb5g
1,ORkm6slNpK-oR1fYm2nQ7w
1,vtGNaXJfPL955FRMMpohCQ
2,nVE5kUKuRoCIURUmfWEROA
1,0YevLJbBRJekAWQ2QsdWMQ
1,CozYToLgRs2ZWpAWyfcKpw
1,S96uZQBoSRixrkG8l4Hh3g
1,lAzV-iXfRxq-YSPQaXch0Q
1,S7n5guPwc03XeoqGxz-u5w
1,5zsoLd9KbDEF3X18JaQZ5g
1,zGnTJxhsjV4WcyrshVjgpQ
1,ttcrLjithgpIaxDNdMnrvQ
1,N1KRVptQ9atHlYswaAyRow
0,u65hpc4sni9iwn2tcjozw3
0,2mrbanxcpbykr30wuknhic
0,is2646p75qjqgdnb62w3r7
0,qPwsKNKTSvubdBPWQ8yhcQ
0,49gkaUKFRmWidKzfKuvp4w
0,EehP428qS1uOJO4zkOduEg
0,qNPxcaYLQDmTaTs5IqfzkA
1,Jo9Q7F2eSGW59rZ-Q1ySBQ
0,P8RLmanOTsG4xFWyN3DLPw
1,adLG4-u3T0isewu6CANhPA
1,xzXOVqMMT3C2UdjUhIy6-Q
0,IsVYr8Yhu0JvLv2u4odiGg
2,eaq3isve9duxj7zbyiefui
2,iSiJizmMl7m5iV_vKpWIdQ
0,BU6pC2XRZpK23VAPqRIPng
0,WqKwdY_Fqhk3TXbU3T1bLQ
0,9lO0jKdwJBI56YBkCWnUsQ
0,uZX01U3gDuJIcWaqn3jKFw
0,clxquvioKUxEL99F08sfYA
0,LsrNwqKGj7I50z05aXPUWA
0,VwJB9DGVu_qClO4FZwiHaw
0,YWoq_pKKUNEFZ0PvrOWwwQ
0,m-g49VkBLYslqHYjd6RDWQ
0,mcmdgW9WHHqxjy2-NwhP_Q
0,RgsbXN1hf5anmHlTinToVw
0,Hu05L5EP_k1Adeado12PFA
0,HJv4umy7rEep6WPMM6SVrQ
0,1gReiEm3mmFnarD7pj-PWg
0,H9UmmelcDZPePK-NcyrdEQ
0,myzbVX2f3VorLiVcKJoDWA
1,tMAStCqGRR_xTGI1a7rn2A
0,77hUst5IKMilaq8smhOAOA
0,rKRovUNWpdkvjuykQ2jBlg
0,iJ_di75oaznEsf66yNA0qg
0,PzI8Gf70E4yTyLpZUoUtgA
0,uy_vPuUsRoY5t_d400Pzsg
1,IoQ7E7tjLlYd72zoEcFYyg
1,j56VAMR8ke--RJf1hOrTHg
1,Irb0nSRGPwApT3-oC7I8CA
0,-k-AaypeFHlS0jDG9f_b-A
1,HEA2YUdEx1pyrGx-mVs7HA
1,kdg0RsmmI73yg6LQzevZUw
1,jwc3UvYauEBYacvBk4CmQQ
1,4t2gvCeZgtB-FEehmuV5bw
1,7PPeii7mjR7jYrswW17Qyw
1,6-wlznxdnRZUOm5ZsQbqQA
1,XT7oX-f16Pf09Hnm_tOv6w
1,NvzzkXNXumt5Q9xpWE9yBQ
1,qBL44sNzhpV-KxBhRelmUQ
1,5ny00i4pJ0xU8wlp_LjAqg
1,6MgefPnLhgvDy86i8OIhLw
1,Y7zTuZ0b2KEkaLEgXP7u-w
1,0PPG_1IplKAL5LnjzaxKxw
1,meIT6vUB5q4iAliO8CD_Pw
1,uZXtsGQ6uW54xxYohnA6sQ
0,hUgcLruwWlI5rBgQ3oSZ7g
0,iU7ZMU8wlKub_CxaxNLXiw
0,VP6VGByp6hCsGIqBqk5cjQ
0,aMFHbST9FFyYZvwFziioZA
0,zg8KmLd-1bICcgWeH0PJ0w
0,mvwYLEy8t-ZfZf-c9ukT8Q
1,mMmoi-N-rmxVeNr9qo4aWw
0,7g52v5scj2to7js6f4jmi4
0,jrz127w0s400wyje7zs4sw
0,4s9w2jt143n4i04kwa2jk1
0,l209b830umsm9x98hcmktf
0,z6yz039vhumsm2oy04vay1
